{
	"info": {
		"_postman_id": "a14145ad-7c8b-4b1a-96c4-4a9f4fdee7a1",
		"name": "Trabalho-Web",
		"schema": "https://schema.getpostman.com/json/collection/v2.1.0/collection.json",
		"_exporter_id": "29966685"
	},
	"item": [
		{
			"name": "/organizations/List or search all organizations",
			"request": {
				"auth": {
					"type": "apikey",
					"apikey": [
						{
							"key": "value",
							"value": "eyJhbGciOiJIUzUxMiJ9.eyJ1c2VyIjoiNjUxNmMzM2JmMzdjOTI5OWZhZTEyNjRlIiwidGltZSI6MTY5NjU5Njk2My40NjE0Nzg3fQ.ZR_EY7AjmvW5mWlQpUBSkvqoMzFQrgvD4kR2Ej5pT66E3EkKuxd74eF0r9D3d_M79kgU8OTh9JA1fs6D2MJZvg",
							"type": "string"
						},
						{
							"key": "key",
							"value": "X-API-KEY",
							"type": "string"
						}
					]
				},
				"method": "GET",
				"header": [
					{
						"key": "accept",
						"value": "application/json"
					}
				],
				"url": {
					"raw": "https://dados.gov.pt/api/1/organizations/?sort=name&page=1&page_size=100",
					"protocol": "https",
					"host": [
						"dados",
						"gov",
						"pt"
					],
					"path": [
						"api",
						"1",
						"organizations",
						""
					],
					"query": [
						{
							"key": "sort",
							"value": "name"
						},
						{
							"key": "page",
							"value": "1"
						},
						{
							"key": "page_size",
							"value": "100"
						}
					]
				}
			},
			"response": []
		},
		{
			"name": "/organizations/{org}/Get a organization given its identifier",
			"request": {
				"auth": {
					"type": "apikey",
					"apikey": [
						{
							"key": "value",
							"value": "eyJhbGciOiJIUzUxMiJ9.eyJ1c2VyIjoiNjUxNmMzM2JmMzdjOTI5OWZhZTEyNjRlIiwidGltZSI6MTY5NjU5Njk2My40NjE0Nzg3fQ.ZR_EY7AjmvW5mWlQpUBSkvqoMzFQrgvD4kR2Ej5pT66E3EkKuxd74eF0r9D3d_M79kgU8OTh9JA1fs6D2MJZvg",
							"type": "string"
						},
						{
							"key": "key",
							"value": "X-API-KEY",
							"type": "string"
						}
					]
				},
				"method": "GET",
				"header": [
					{
						"key": "accept",
						"value": "application/json"
					}
				],
				"url": {
					"raw": "https://dados.gov.pt/api/1/organizations/dgpj/",
					"protocol": "https",
					"host": [
						"dados",
						"gov",
						"pt"
					],
					"path": [
						"api",
						"1",
						"organizations",
						"dgpj",
						""
					]
				}
			},
			"response": []
		},
		{
			"name": "/organizations/{id}/followers/ Follow an object given its ID",
			"event": [
				{
					"listen": "test",
					"script": {
						"exec": [
							""
						],
						"type": "text/javascript"
					}
				}
			],
			"request": {
				"auth": {
					"type": "apikey",
					"apikey": [
						{
							"key": "value",
							"value": "eyJhbGciOiJIUzUxMiJ9.eyJ1c2VyIjoiNjUxNmMzM2JmMzdjOTI5OWZhZTEyNjRlIiwidGltZSI6MTY5NjU5Njk2My40NjE0Nzg3fQ.ZR_EY7AjmvW5mWlQpUBSkvqoMzFQrgvD4kR2Ej5pT66E3EkKuxd74eF0r9D3d_M79kgU8OTh9JA1fs6D2MJZvg",
							"type": "string"
						},
						{
							"key": "key",
							"value": "X-API-KEY",
							"type": "string"
						}
					]
				},
				"method": "POST",
				"header": [
					{
						"key": "accept",
						"value": "application/json"
					}
				],
				"body": {
					"mode": "raw",
					"raw": "",
					"options": {
						"raw": {
							"language": "json"
						}
					}
				},
				"url": {
					"raw": "https://dados.gov.pt/api/1/organizations/64ff52d0bb53b88f4bf5db2c/followers/",
					"protocol": "https",
					"host": [
						"dados",
						"gov",
						"pt"
					],
					"path": [
						"api",
						"1",
						"organizations",
						"64ff52d0bb53b88f4bf5db2c",
						"followers",
						""
					]
				}
			},
			"response": []
		},
		{
			"name": "/organizations/Create a new organization",
			"request": {
				"auth": {
					"type": "apikey",
					"apikey": [
						{
							"key": "value",
							"value": "eyJhbGciOiJIUzUxMiJ9.eyJ1c2VyIjoiNjUxNmMzM2JmMzdjOTI5OWZhZTEyNjRlIiwidGltZSI6MTY5NjU5Njk2My40NjE0Nzg3fQ.ZR_EY7AjmvW5mWlQpUBSkvqoMzFQrgvD4kR2Ej5pT66E3EkKuxd74eF0r9D3d_M79kgU8OTh9JA1fs6D2MJZvg",
							"type": "string"
						},
						{
							"key": "key",
							"value": "X-API-KEY",
							"type": "string"
						}
					]
				},
				"method": "POST",
				"header": [],
				"body": {
					"mode": "raw",
					"raw": "{\r\n  \"acronym\": \"Umaia\",\r\n  \"description\": \"A Universidade da Maia é uma instituição de ensino superior universitário, instalada num campus universitário com mais de 70.000 m2, que nos últimos anos, se tem evidenciado com a mais elevada população escolar do Ensino Superior Privado no norte do país.\",\r\n  \"id\": \"\",\r\n  \"logo\": null,\r\n  \"logo_thumbnail\": null,\r\n  \"members\": [\r\n    {\r\n      \"role\": \"admin\",\r\n      \"user\": {\r\n        \"class\": \"string\",\r\n        \"id\": \"6516c33bf37c9299fae1264e\",\r\n        \"avatar\": \"string\",\r\n        \"avatar_thumbnail\": \"string\",\r\n        \"slug\": \"goncalo-carib\",\r\n        \"uri\": \"https://dados.gov.pt/api/1/users/goncalo-carib/\"\r\n      }\r\n    }\r\n  ],\r\n  \"name\": \"Umaia\",\r\n  \"slug\": \"Umaia\",\r\n  \"url\": \"https://dados.gov.pt/pt/\"\r\n}",
					"options": {
						"raw": {
							"language": "json"
						}
					}
				},
				"url": {
					"raw": "https://dados.gov.pt/api/1/organizations/",
					"protocol": "https",
					"host": [
						"dados",
						"gov",
						"pt"
					],
					"path": [
						"api",
						"1",
						"organizations",
						""
					]
				}
			},
			"response": []
		},
		{
			"name": "/organizations/{id}/followers/Unfollow an object given its ID",
			"request": {
				"auth": {
					"type": "apikey",
					"apikey": [
						{
							"key": "value",
							"value": "eyJhbGciOiJIUzUxMiJ9.eyJ1c2VyIjoiNjUxNmMzM2JmMzdjOTI5OWZhZTEyNjRlIiwidGltZSI6MTY5NjU5Njk2My40NjE0Nzg3fQ.ZR_EY7AjmvW5mWlQpUBSkvqoMzFQrgvD4kR2Ej5pT66E3EkKuxd74eF0r9D3d_M79kgU8OTh9JA1fs6D2MJZvg",
							"type": "string"
						},
						{
							"key": "key",
							"value": "X-API-KEY",
							"type": "string"
						}
					]
				},
				"method": "DELETE",
				"header": [
					{
						"key": "accept",
						"value": "application/json"
					}
				],
				"url": {
					"raw": "https://dados.gov.pt/api/1/organizations/64ff52d0bb53b88f4bf5db2c/followers/",
					"protocol": "https",
					"host": [
						"dados",
						"gov",
						"pt"
					],
					"path": [
						"api",
						"1",
						"organizations",
						"64ff52d0bb53b88f4bf5db2c",
						"followers",
						""
					]
				}
			},
			"response": []
		},
		{
			"name": "/me/ Update my profile",
			"request": {
				"auth": {
					"type": "apikey",
					"apikey": [
						{
							"key": "value",
							"value": "eyJhbGciOiJIUzUxMiJ9.eyJ1c2VyIjoiNjUxNmMzM2JmMzdjOTI5OWZhZTEyNjRlIiwidGltZSI6MTY5NjU5Njk2My40NjE0Nzg3fQ.ZR_EY7AjmvW5mWlQpUBSkvqoMzFQrgvD4kR2Ej5pT66E3EkKuxd74eF0r9D3d_M79kgU8OTh9JA1fs6D2MJZvg",
							"type": "string"
						},
						{
							"key": "key",
							"value": "X-API-KEY",
							"type": "string"
						}
					]
				},
				"method": "PUT",
				"header": [],
				"body": {
					"mode": "raw",
					"raw": "{\r\n  \"about\": \"Fixe\",\r\n  \"active\": true,\r\n  \"avatar\": null,\r\n  \"avatar_thumbnail\": null,\r\n  \"first_name\": \"O\",\r\n  \"id\": \"6516c33bf37c9299fae1264e\",\r\n  \"last_name\": \"Carib\",\r\n  \"organizations\": [\r\n    {\r\n      \"class\": \"string\",\r\n      \"id\": \"64ff52d0bb53b88f4bf5db2c\",\r\n      \"acronym\": \"dgpj\",\r\n      \"logo\": null,\r\n      \"logo_thumbnail\": null,\r\n      \"slug\": \"dados-abertos-da-justica\"\r\n    }\r\n  ],\r\n  \"roles\": [\r\n    \"string\"\r\n  ],\r\n  \"since\": \"\",\r\n  \"slug\": \"\",\r\n  \"uri\": \"\",\r\n  \"website\": \"https://dados.gov.pt/pt/\"\r\n}",
					"options": {
						"raw": {
							"language": "json"
						}
					}
				},
				"url": {
					"raw": "https://dados.gov.pt/api/1/me/",
					"protocol": "https",
					"host": [
						"dados",
						"gov",
						"pt"
					],
					"path": [
						"api",
						"1",
						"me",
						""
					]
				}
			},
			"response": []
		}
	],
	"auth": {
		"type": "apikey",
		"apikey": [
			{
				"key": "value",
				"value": "eyJhbGciOiJIUzUxMiJ9.eyJ1c2VyIjoiNjUxNmMzM2JmMzdjOTI5OWZhZTEyNjRlIiwidGltZSI6MTY5NjU5Njk2My40NjE0Nzg3fQ.ZR_EY7AjmvW5mWlQpUBSkvqoMzFQrgvD4kR2Ej5pT66E3EkKuxd74eF0r9D3d_M79kgU8OTh9JA1fs6D2MJZvg",
				"type": "string"
			},
			{
				"key": "key",
				"value": "X-API-KEY",
				"type": "string"
			}
		]
	},
	"event": [
		{
			"listen": "prerequest",
			"script": {
				"type": "text/javascript",
				"exec": [
					""
				]
			}
		},
		{
			"listen": "test",
			"script": {
				"type": "text/javascript",
				"exec": [
					""
				]
			}
		}
	]
}